<Contract>
  <ContractCustomer>
    <CustomerName>MR JOHN HARRIS T/A CAMELEY LODGE</CustomerName>
    <BrandCode>HAV</BrandCode>
    <ServiceModel>Standard</ServiceModel>
    <NameTitle></NameTitle>
    <FamiliarName></FamiliarName>
    <MiddleInitials></MiddleInitials>
    <LastName></LastName>
    <LegalEntityCode>U</LegalEntityCode>
    <CompanyRegistrationNumber></CompanyRegistrationNumber>
    <CustomerContact>
      <Name>John Cameley</Name>
      <PositionInOrganisation></PositionInOrganisation>
      <TelephoneNumber>017432 471794</TelephoneNumber>
      <MobileNumber></MobileNumber>
      <FaxNumber></FaxNumber>
      <EmailAddress></EmailAddress>
    </CustomerContact>
    <CustomerAddress>
      <AddressLine1>CAMELEY LODGE</AddressLine1>
      <AddressLine2>CAMELEY</AddressLine2>
      <AddressLine3>TEMPLE CLOUD</AddressLine3>
      <AddressLine4>BRISTOL</AddressLine4>
      <AddressLine5></AddressLine5>
      <AddressLine6></AddressLine6>
      <AddressLine7></AddressLine7>
      <AddressLine8></AddressLine8>
      <AddressLine9></AddressLine9>
      <PostCode>BS39 5AH</PostCode>
    </CustomerAddress>
  </ContractCustomer>
  <ContractSite>
    <SiteSupply>
      <ElectricitySupplyPoint>
        <MPANCore>2200041710930</MPANCore>
        <SupplyTypeCode>3</SupplyTypeCode>
        <MeterTimeswitchCode>801</MeterTimeswitchCode>
        <LineLossFactor>110</LineLossFactor>
        <RetrievalMethod>M</RetrievalMethod>
        <MeasurementClass>A</MeasurementClass>
        <ReadingCycle>Q</ReadingCycle>
        <ChangeOfTenancy>false</ChangeOfTenancy>
        <SpecialNeeds>false</SpecialNeeds>
        <SpecialAccess></SpecialAccess>
        <SpecialNeedsInformation></SpecialNeedsInformation>
        <InstallRemoveMeter>false</InstallRemoveMeter>
        <GSPId>_L</GSPId>
        <EnergisationStatus>E</EnergisationStatus>
        <DUoSFixedCharge>true</DUoSFixedCharge>
        <GreenEnergyPercentage>0</GreenEnergyPercentage>
        <GreenEnergyGenerator></GreenEnergyGenerator>
      </ElectricitySupplyPoint>
      <SupplyAdditionalTariff>
        <TariffPeriodNumber>8000038669</TariffPeriodNumber>
        <SupplyAdditionalTariffLine>
          <TariffLineSequenceNumber>1</TariffLineSequenceNumber>
          <ActualTariffCost>0.50000</ActualTariffCost>
        </SupplyAdditionalTariffLine>
        <SupplyAdditionalTariffLine>
          <TariffLineSequenceNumber>2</TariffLineSequenceNumber>
          <ActualTariffCost>0.23000</ActualTariffCost>
        </SupplyAdditionalTariffLine>
      </SupplyAdditionalTariff>
      <SupplyAdditionalTariff>
        <TariffPeriodNumber>112</TariffPeriodNumber>
        <SupplyAdditionalTariffLine>
          <TariffLineSequenceNumber>1</TariffLineSequenceNumber>
          <ActualTariffCost>0.00000</ActualTariffCost>
        </SupplyAdditionalTariffLine>
      </SupplyAdditionalTariff>
      <Primary>true</Primary>
      <NewConnection>false</NewConnection>
      <NonHalfHourly>true</NonHalfHourly>
      <SupplyBilling>
        <BankAccount>
          <AccountNumber>00601279</AccountNumber>
          <SortCode>300001</SortCode>
          <AccountName>Cameley Lodge t</AccountName>
        </BankAccount>
        <BillingContact>
          <Name>John Cameley</Name>
          <PositionInOrganisation></PositionInOrganisation>
          <TelephoneNumber>01761 452790</TelephoneNumber>
          <MobileNumber></MobileNumber>
          <FaxNumber></FaxNumber>
          <EmailAddress></EmailAddress>
        </BillingContact>
        <BillingAddress>
          <AddressLine1>CAMELEY LODGE</AddressLine1>
          <AddressLine2>CAMELEY</AddressLine2>
          <AddressLine3>TEMPLE CLOUD</AddressLine3>
          <AddressLine4>BRISTOL</AddressLine4>
          <AddressLine5></AddressLine5>
          <AddressLine6></AddressLine6>
          <AddressLine7></AddressLine7>
          <AddressLine8></AddressLine8>
          <AddressLine9></AddressLine9>
          <PostCode>BS39 5AH</PostCode>
        </BillingAddress>
      </SupplyBilling>
      <SupplyDetails>
        <PercentageDomesticVAT>0</PercentageDomesticVAT>
        <ConsumptionChargePoint>MSP</ConsumptionChargePoint>
        <AgreedMaximumCapacity>0</AgreedMaximumCapacity>
      </SupplyDetails>
      <TPRConsumption>
        <TPRCode>00001</TPRCode>
        <Consumption>100000.00000</Consumption>
      </TPRConsumption>
      <SupplyAgents>
        <SupplierHubId>271</SupplierHubId>
        <DCCode>ACCU</DCCode>
        <DCContractReference>ACCUHPOWDC</DCContractReference>
        <DCServiceReference>HPDC</DCServiceReference>
        <DCServiceLevelReference>2010</DCServiceLevelReference>
        <DACode>ACCU</DACode>
        <DAContractReference>ACCUHPOWDA</DAContractReference>
        <DAServiceReference>HPDA</DAServiceReference>
        <DAServiceLevelReference>2010</DAServiceLevelReference>
        <MOCode>LOND</MOCode>
        <MOContractReference>HPOWNHHMO1</MOContractReference>
        <MOServiceReference>0</MOServiceReference>
        <MOServiceLevelReference>0</MOServiceLevelReference>
      </SupplyAgents>
    </SiteSupply>
    <SiteContact>
      <Name>John Cameley</Name>
      <PositionInOrganisation></PositionInOrganisation>
      <TelephoneNumber>01761 452790</TelephoneNumber>
      <MobileNumber></MobileNumber>
      <FaxNumber></FaxNumber>
      <EmailAddress></EmailAddress>
    </SiteContact>
    <SiteAddress>
      <AddressLine1>LAUNDARY</AddressLine1>
      <AddressLine2>CAMELEY LODGE</AddressLine2>
      <AddressLine3>CAMELEY</AddressLine3>
      <AddressLine4>TEMPLE CLOUD</AddressLine4>
      <AddressLine5>BRISTOL</AddressLine5>
      <AddressLine6></AddressLine6>
      <AddressLine7></AddressLine7>
      <AddressLine8></AddressLine8>
      <AddressLine9></AddressLine9>
      <PostCode>BS39 5AH</PostCode>
    </SiteAddress>
    <SiteName>LAUNDARY</SiteName>
    <SiteReference>53729</SiteReference>
    <CustomerSiteReference></CustomerSiteReference>
  </ContractSite>
  <StartDate>2014-11-06</StartDate>
  <EndDate>2015-11-05</EndDate>
  <SalesReference>TPI391</SalesReference>
  <SforceInternalAccountId>0</SforceInternalAccountId>
  <SforceExternalAccountRef>A27826</SforceExternalAccountRef>
  <SforceInternalOpportunityId>0</SforceInternalOpportunityId>
  <SforceExternalOpportunityRef>0</SforceExternalOpportunityRef>
  <SalesPerson>552</SalesPerson>
  <SubAgent></SubAgent>
  <TAndCCode>LEGACY_PRODUCT_0.0</TAndCCode>
  <AcceptanceMethod>Paper</AcceptanceMethod>
  <ContractDetails>
    <EstAnnualConsumption>100000</EstAnnualConsumption>
    <BusinessType>NEW</BusinessType>
    <OfferId></OfferId>
    <ProductCode>SME_NHH_FIXED</ProductCode>
    <LineOfBusiness>SME</LineOfBusiness>
    <BillingFrequency>CM</BillingFrequency>
    <CashCollectionMethod>PP</CashCollectionMethod>
    <PaymentMethod>DD</PaymentMethod>
    <PaymentDays>14</PaymentDays>
  </ContractDetails>
  <BillingPeriod>
    <BillingPeriodEndDate>2014-11-30</BillingPeriodEndDate>
  </BillingPeriod>
  <BillingPeriod>
    <BillingPeriodEndDate>2014-12-31</BillingPeriodEndDate>
  </BillingPeriod>
  <BillingPeriod>
    <BillingPeriodEndDate>2015-01-31</BillingPeriodEndDate>
  </BillingPeriod>
  <BillingPeriod>
    <BillingPeriodEndDate>2015-02-28</BillingPeriodEndDate>
  </BillingPeriod>
  <BillingPeriod>
    <BillingPeriodEndDate>2015-03-31</BillingPeriodEndDate>
  </BillingPeriod>
  <BillingPeriod>
    <BillingPeriodEndDate>2015-04-30</BillingPeriodEndDate>
  </BillingPeriod>
  <BillingPeriod>
    <BillingPeriodEndDate>2015-05-31</BillingPeriodEndDate>
  </BillingPeriod>
  <BillingPeriod>
    <BillingPeriodEndDate>2015-06-30</BillingPeriodEndDate>
  </BillingPeriod>
  <BillingPeriod>
    <BillingPeriodEndDate>2015-07-31</BillingPeriodEndDate>
  </BillingPeriod>
  <BillingPeriod>
    <BillingPeriodEndDate>2015-08-31</BillingPeriodEndDate>
  </BillingPeriod>
  <BillingPeriod>
    <BillingPeriodEndDate>2015-09-30</BillingPeriodEndDate>
  </BillingPeriod>
  <BillingPeriod>
    <BillingPeriodEndDate>2015-10-31</BillingPeriodEndDate>
  </BillingPeriod>
  <BillingPeriod>
    <BillingPeriodEndDate>2015-11-05</BillingPeriodEndDate>
  </BillingPeriod>
</Contract>