<Contract>
  <ContractCustomer>
    <CustomerName>PONTARDULAIS</CustomerName>
    <BrandCode>HAV</BrandCode>
    <ServiceModel>Standard</ServiceModel>
    <NameTitle></NameTitle>
    <FamiliarName></FamiliarName>
    <MiddleInitials></MiddleInitials>
    <LastName></LastName>
    <LegalEntityCode>U</LegalEntityCode>
    <CompanyRegistrationNumber></CompanyRegistrationNumber>
    <CustomerContact>
      <Name>MR RICHARDS</Name>
      <PositionInOrganisation></PositionInOrganisation>
      <TelephoneNumber>01792884686</TelephoneNumber>
      <MobileNumber></MobileNumber>
      <FaxNumber></FaxNumber>
      <EmailAddress></EmailAddress>
    </CustomerContact>
    <CustomerAddress>
      <AddressLine1>86 BOLGOED ROAD</AddressLine1>
      <AddressLine2>PONTARDULAIS</AddressLine2>
      <AddressLine3>SWANSEA</AddressLine3>
      <AddressLine4>WEST GLAMORGAN</AddressLine4>
      <AddressLine5></AddressLine5>
      <AddressLine6></AddressLine6>
      <AddressLine7></AddressLine7>
      <AddressLine8></AddressLine8>
      <AddressLine9></AddressLine9>
      <PostCode>SA4 8JF</PostCode>
    </CustomerAddress>
  </ContractCustomer>
  <ContractSite>
    <SiteSupply>
      <ElectricitySupplyPoint>
        <MPANCore>2199997225067</MPANCore>
        <SupplyTypeCode>3</SupplyTypeCode>
        <MeterTimeswitchCode>801</MeterTimeswitchCode>
        <LineLossFactor>200</LineLossFactor>
        <RetrievalMethod>M</RetrievalMethod>
        <MeasurementClass>A</MeasurementClass>
        <ReadingCycle>Q</ReadingCycle>
        <ChangeOfTenancy>false</ChangeOfTenancy>
        <SpecialAccess></SpecialAccess>
        <SpecialNeedsInformation></SpecialNeedsInformation>
        <GSPId>_K</GSPId>
        <EnergisationStatus>E</EnergisationStatus>
        <DUoSFixedCharge>true</DUoSFixedCharge>
        <GreenEnergyPercentage>0</GreenEnergyPercentage>
        <GreenEnergyGenerator></GreenEnergyGenerator>
      </ElectricitySupplyPoint>
      <SupplyAdditionalTariff>
        <TariffPeriodNumber>8000038669</TariffPeriodNumber>
        <SupplyAdditionalTariffLine>
          <TariffLineSequenceNumber>1</TariffLineSequenceNumber>
          <ActualTariffCost>0.21000</ActualTariffCost>
        </SupplyAdditionalTariffLine>
        <SupplyAdditionalTariffLine>
          <TariffLineSequenceNumber>2</TariffLineSequenceNumber>
          <ActualTariffCost>0.14350</ActualTariffCost>
        </SupplyAdditionalTariffLine>
      </SupplyAdditionalTariff>
      <SupplyAdditionalTariff>
        <TariffPeriodNumber>112</TariffPeriodNumber>
        <SupplyAdditionalTariffLine>
          <TariffLineSequenceNumber>1</TariffLineSequenceNumber>
          <ActualTariffCost>0.00000</ActualTariffCost>
        </SupplyAdditionalTariffLine>
      </SupplyAdditionalTariff>
      <Primary>true</Primary>
      <NewConnection>false</NewConnection>
      <NonHalfHourly>true</NonHalfHourly>
      <SupplyBilling>
        <BankAccount>
          <AccountNumber>50068853</AccountNumber>
          <SortCode>205132</SortCode>
          <AccountName>TA Richards &amp; S</AccountName>
        </BankAccount>
        <BillingContact>
          <Name>MR RICHARDS</Name>
          <PositionInOrganisation></PositionInOrganisation>
          <TelephoneNumber>01792884686</TelephoneNumber>
          <MobileNumber></MobileNumber>
          <FaxNumber></FaxNumber>
          <EmailAddress></EmailAddress>
        </BillingContact>
        <BillingAddress>
          <AddressLine1>86 BOLGOED ROAD</AddressLine1>
          <AddressLine2>PONTARDULAIS</AddressLine2>
          <AddressLine3>SWANSEA</AddressLine3>
          <AddressLine4>WEST GLAMORGAN</AddressLine4>
          <AddressLine5></AddressLine5>
          <AddressLine6></AddressLine6>
          <AddressLine7></AddressLine7>
          <AddressLine8></AddressLine8>
          <AddressLine9></AddressLine9>
          <PostCode>SA4 8JF</PostCode>
        </BillingAddress>
      </SupplyBilling>
      <SupplyDetails>
        <PercentageDomesticVAT>0</PercentageDomesticVAT>
        <ConsumptionChargePoint>MSP</ConsumptionChargePoint>
        <AgreedMaximumCapacity>0</AgreedMaximumCapacity>
      </SupplyDetails>
      <TPRConsumption>
        <TPRCode>00001</TPRCode>
        <Consumption>2322.00000</Consumption>
      </TPRConsumption>
      <SupplyAgents>
        <SupplierHubId>176</SupplierHubId>
        <DCCode>ACCU</DCCode>
        <DCContractReference>ACCUHPOWDC</DCContractReference>
        <DCServiceReference>HPDC</DCServiceReference>
        <DCServiceLevelReference>2010</DCServiceLevelReference>
        <DACode>ACCU</DACode>
        <DAContractReference>ACCUHPOWDA</DAContractReference>
        <DAServiceReference>HPDA</DAServiceReference>
        <DAServiceLevelReference>2010</DAServiceLevelReference>
        <MOCode>EMEB</MOCode>
        <MOContractReference>HPOWEMEBK</MOContractReference>
        <MOServiceReference>15</MOServiceReference>
        <MOServiceLevelReference>15</MOServiceLevelReference>
      </SupplyAgents>
    </SiteSupply>
    <SiteContact>
      <Name>MR RICHARDS</Name>
      <PositionInOrganisation></PositionInOrganisation>
      <TelephoneNumber>01792884686</TelephoneNumber>
      <MobileNumber></MobileNumber>
      <FaxNumber></FaxNumber>
      <EmailAddress></EmailAddress>
    </SiteContact>
    <SiteAddress>
      <AddressLine1>86 BOLGOED ROAD</AddressLine1>
      <AddressLine2>PONTARDDULAIS</AddressLine2>
      <AddressLine3>SWANSEA</AddressLine3>
      <AddressLine4>WEST GLAMORGAN</AddressLine4>
      <AddressLine5></AddressLine5>
      <AddressLine6></AddressLine6>
      <AddressLine7></AddressLine7>
      <AddressLine8></AddressLine8>
      <AddressLine9></AddressLine9>
      <PostCode>SA4 8JF</PostCode>
    </SiteAddress>
    <SiteName>PONTARDULAIS</SiteName>
    <SiteReference>35953</SiteReference>
    <CustomerSiteReference></CustomerSiteReference>
  </ContractSite>
  <StartDate>2014-11-06</StartDate>
  <EndDate>2015-11-06</EndDate>
  <SalesReference>TELESALES</SalesReference>
  <SforceInternalAccountId>0</SforceInternalAccountId>
  <SforceExternalAccountRef>A16986</SforceExternalAccountRef>
  <SforceInternalOpportunityId>0</SforceInternalOpportunityId>
  <SforceExternalOpportunityRef>0</SforceExternalOpportunityRef>
  <SalesPerson>237</SalesPerson>
  <SubAgent></SubAgent>
  <TAndCCode>LEGACY_PRODUCT_0.0</TAndCCode>
  <AcceptanceMethod>Paper</AcceptanceMethod>
  <ContractDetails>
    <EstAnnualConsumption>2322</EstAnnualConsumption>
    <BusinessType>NEW</BusinessType>
    <OfferId></OfferId>
    <ProductCode>SME_NHH_FIXED</ProductCode>
    <LineOfBusiness>SME</LineOfBusiness>
    <BillingFrequency>RCQ</BillingFrequency>
    <CashCollectionMethod>PP</CashCollectionMethod>
    <PaymentMethod>DD</PaymentMethod>
    <PaymentDays>14</PaymentDays>
  </ContractDetails>
</Contract>