<Contract>
  <ContractCustomer>
    <CustomerName>Raja Ali ta S&amp;S Green Grocers</CustomerName>
    <BrandCode>HAV</BrandCode>
    <ServiceModel>Standard</ServiceModel>
    <NameTitle></NameTitle>
    <FamiliarName></FamiliarName>
    <MiddleInitials></MiddleInitials>
    <LastName></LastName>
    <LegalEntityCode>U</LegalEntityCode>
    <CompanyRegistrationNumber></CompanyRegistrationNumber>
    <CustomerContact>
      <Name>RAJA ALI</Name>
      <PositionInOrganisation></PositionInOrganisation>
      <TelephoneNumber>01282 451233</TelephoneNumber>
      <MobileNumber></MobileNumber>
      <FaxNumber></FaxNumber>
      <EmailAddress></EmailAddress>
    </CustomerContact>
    <CustomerAddress>
      <AddressLine1>14-16</AddressLine1>
      <AddressLine2>MARKET HALL</AddressLine2>
      <AddressLine3>NELSON LANCASHIRE</AddressLine3>
      <AddressLine4></AddressLine4>
      <AddressLine5></AddressLine5>
      <AddressLine6></AddressLine6>
      <AddressLine7></AddressLine7>
      <AddressLine8></AddressLine8>
      <AddressLine9></AddressLine9>
      <PostCode>BB9 7LJ</PostCode>
    </CustomerAddress>
  </ContractCustomer>
  <ContractSite>
    <SiteSupply>
      <ElectricitySupplyPoint>
        <MPANCore>1610014295030</MPANCore>
        <SupplyTypeCode>3</SupplyTypeCode>
        <MeterTimeswitchCode>801</MeterTimeswitchCode>
        <LineLossFactor>131</LineLossFactor>
        <RetrievalMethod>M</RetrievalMethod>
        <MeasurementClass>A</MeasurementClass>
        <ReadingCycle>Q</ReadingCycle>
        <ChangeOfTenancy>false</ChangeOfTenancy>
        <SpecialNeeds>false</SpecialNeeds>
        <SpecialAccess></SpecialAccess>
        <SpecialNeedsInformation></SpecialNeedsInformation>
        <InstallRemoveMeter>false</InstallRemoveMeter>
        <GSPId>_G</GSPId>
        <EnergisationStatus>E</EnergisationStatus>
        <DUoSFixedCharge>true</DUoSFixedCharge>
        <GreenEnergyPercentage>0</GreenEnergyPercentage>
        <GreenEnergyGenerator></GreenEnergyGenerator>
      </ElectricitySupplyPoint>
      <SupplyAdditionalTariff>
        <TariffPeriodNumber>8000038669</TariffPeriodNumber>
        <SupplyAdditionalTariffLine>
          <TariffLineSequenceNumber>1</TariffLineSequenceNumber>
          <ActualTariffCost>0.43000</ActualTariffCost>
        </SupplyAdditionalTariffLine>
        <SupplyAdditionalTariffLine>
          <TariffLineSequenceNumber>2</TariffLineSequenceNumber>
          <ActualTariffCost>0.14320</ActualTariffCost>
        </SupplyAdditionalTariffLine>
      </SupplyAdditionalTariff>
      <SupplyAdditionalTariff>
        <TariffPeriodNumber>112</TariffPeriodNumber>
        <SupplyAdditionalTariffLine>
          <TariffLineSequenceNumber>1</TariffLineSequenceNumber>
          <ActualTariffCost>0.00000</ActualTariffCost>
        </SupplyAdditionalTariffLine>
      </SupplyAdditionalTariff>
      <Primary>true</Primary>
      <NewConnection>false</NewConnection>
      <NonHalfHourly>true</NonHalfHourly>
      <SupplyBilling>
        <BankAccount>
          <AccountNumber>23712068</AccountNumber>
          <SortCode>777608</SortCode>
          <AccountName>S &amp;S Green Groc</AccountName>
        </BankAccount>
        <BillingContact>
          <Name>RAJA ALI</Name>
          <PositionInOrganisation></PositionInOrganisation>
          <TelephoneNumber>01282 451233</TelephoneNumber>
          <MobileNumber></MobileNumber>
          <FaxNumber></FaxNumber>
          <EmailAddress></EmailAddress>
        </BillingContact>
        <BillingAddress>
          <AddressLine1>14-16</AddressLine1>
          <AddressLine2>MARKET HALL</AddressLine2>
          <AddressLine3>NELSON LANCASHIRE</AddressLine3>
          <AddressLine4></AddressLine4>
          <AddressLine5></AddressLine5>
          <AddressLine6></AddressLine6>
          <AddressLine7></AddressLine7>
          <AddressLine8></AddressLine8>
          <AddressLine9></AddressLine9>
          <PostCode>BB9 7LJ</PostCode>
        </BillingAddress>
      </SupplyBilling>
      <SupplyDetails>
        <PercentageDomesticVAT>0</PercentageDomesticVAT>
        <ConsumptionChargePoint>MSP</ConsumptionChargePoint>
        <AgreedMaximumCapacity>0</AgreedMaximumCapacity>
      </SupplyDetails>
      <TPRConsumption>
        <TPRCode>00001</TPRCode>
        <Consumption>5006.00000</Consumption>
      </TPRConsumption>
      <SupplyAgents>
        <SupplierHubId>282</SupplierHubId>
        <DCCode>ACCU</DCCode>
        <DCContractReference>ACCUHPOWDC</DCContractReference>
        <DCServiceReference>HPDC</DCServiceReference>
        <DCServiceLevelReference>2010</DCServiceLevelReference>
        <DACode>ACCU</DACode>
        <DAContractReference>ACCUHPOWDA</DAContractReference>
        <DAServiceReference>HPDA</DAServiceReference>
        <DAServiceLevelReference>2010</DAServiceLevelReference>
        <MOCode>EMEB</MOCode>
        <MOContractReference>HPOWEMEBG</MOContractReference>
        <MOServiceReference>15</MOServiceReference>
        <MOServiceLevelReference>15</MOServiceLevelReference>
      </SupplyAgents>
    </SiteSupply>
    <SiteContact>
      <Name>RAJA ALI</Name>
      <PositionInOrganisation></PositionInOrganisation>
      <TelephoneNumber>01282 451233</TelephoneNumber>
      <MobileNumber></MobileNumber>
      <FaxNumber></FaxNumber>
      <EmailAddress></EmailAddress>
    </SiteContact>
    <SiteAddress>
      <AddressLine1>14-16</AddressLine1>
      <AddressLine2>MARKET HALL</AddressLine2>
      <AddressLine3>NELSON</AddressLine3>
      <AddressLine4>LANCASHIRE</AddressLine4>
      <AddressLine5></AddressLine5>
      <AddressLine6></AddressLine6>
      <AddressLine7></AddressLine7>
      <AddressLine8></AddressLine8>
      <AddressLine9></AddressLine9>
      <PostCode>BB9 7LJ</PostCode>
    </SiteAddress>
    <SiteName>14-16</SiteName>
    <SiteReference>42321</SiteReference>
    <CustomerSiteReference></CustomerSiteReference>
  </ContractSite>
  <StartDate>2014-11-06</StartDate>
  <EndDate>2016-11-05</EndDate>
  <SalesReference>F2F</SalesReference>
  <SforceInternalAccountId>0</SforceInternalAccountId>
  <SforceExternalAccountRef>A22490</SforceExternalAccountRef>
  <SforceInternalOpportunityId>0</SforceInternalOpportunityId>
  <SforceExternalOpportunityRef>0</SforceExternalOpportunityRef>
  <SalesPerson>349</SalesPerson>
  <SubAgent></SubAgent>
  <TAndCCode>LEGACY_PRODUCT_0.0</TAndCCode>
  <AcceptanceMethod>Paper</AcceptanceMethod>
  <ContractDetails>
    <EstAnnualConsumption>5006</EstAnnualConsumption>
    <BusinessType>NEW</BusinessType>
    <OfferId></OfferId>
    <ProductCode>SME_NHH_FIXED</ProductCode>
    <LineOfBusiness>SME</LineOfBusiness>
    <BillingFrequency>CM</BillingFrequency>
    <CashCollectionMethod>PP</CashCollectionMethod>
    <PaymentMethod>DD</PaymentMethod>
    <PaymentDays>14</PaymentDays>
  </ContractDetails>
  <BillingPeriod>
    <BillingPeriodEndDate>2014-11-30</BillingPeriodEndDate>
  </BillingPeriod>
  <BillingPeriod>
    <BillingPeriodEndDate>2014-12-31</BillingPeriodEndDate>
  </BillingPeriod>
  <BillingPeriod>
    <BillingPeriodEndDate>2015-01-31</BillingPeriodEndDate>
  </BillingPeriod>
  <BillingPeriod>
    <BillingPeriodEndDate>2015-02-28</BillingPeriodEndDate>
  </BillingPeriod>
  <BillingPeriod>
    <BillingPeriodEndDate>2015-03-31</BillingPeriodEndDate>
  </BillingPeriod>
  <BillingPeriod>
    <BillingPeriodEndDate>2015-04-30</BillingPeriodEndDate>
  </BillingPeriod>
  <BillingPeriod>
    <BillingPeriodEndDate>2015-05-31</BillingPeriodEndDate>
  </BillingPeriod>
  <BillingPeriod>
    <BillingPeriodEndDate>2015-06-30</BillingPeriodEndDate>
  </BillingPeriod>
  <BillingPeriod>
    <BillingPeriodEndDate>2015-07-31</BillingPeriodEndDate>
  </BillingPeriod>
  <BillingPeriod>
    <BillingPeriodEndDate>2015-08-31</BillingPeriodEndDate>
  </BillingPeriod>
  <BillingPeriod>
    <BillingPeriodEndDate>2015-09-30</BillingPeriodEndDate>
  </BillingPeriod>
  <BillingPeriod>
    <BillingPeriodEndDate>2015-10-31</BillingPeriodEndDate>
  </BillingPeriod>
  <BillingPeriod>
    <BillingPeriodEndDate>2015-11-30</BillingPeriodEndDate>
  </BillingPeriod>
  <BillingPeriod>
    <BillingPeriodEndDate>2015-12-31</BillingPeriodEndDate>
  </BillingPeriod>
  <BillingPeriod>
    <BillingPeriodEndDate>2016-01-31</BillingPeriodEndDate>
  </BillingPeriod>
  <BillingPeriod>
    <BillingPeriodEndDate>2016-02-29</BillingPeriodEndDate>
  </BillingPeriod>
  <BillingPeriod>
    <BillingPeriodEndDate>2016-03-31</BillingPeriodEndDate>
  </BillingPeriod>
  <BillingPeriod>
    <BillingPeriodEndDate>2016-04-30</BillingPeriodEndDate>
  </BillingPeriod>
  <BillingPeriod>
    <BillingPeriodEndDate>2016-05-31</BillingPeriodEndDate>
  </BillingPeriod>
  <BillingPeriod>
    <BillingPeriodEndDate>2016-06-30</BillingPeriodEndDate>
  </BillingPeriod>
  <BillingPeriod>
    <BillingPeriodEndDate>2016-07-31</BillingPeriodEndDate>
  </BillingPeriod>
  <BillingPeriod>
    <BillingPeriodEndDate>2016-08-31</BillingPeriodEndDate>
  </BillingPeriod>
  <BillingPeriod>
    <BillingPeriodEndDate>2016-09-30</BillingPeriodEndDate>
  </BillingPeriod>
  <BillingPeriod>
    <BillingPeriodEndDate>2016-10-31</BillingPeriodEndDate>
  </BillingPeriod>
  <BillingPeriod>
    <BillingPeriodEndDate>2016-11-05</BillingPeriodEndDate>
  </BillingPeriod>
</Contract>